timestamp,value,label
2024-01-01 00:00:00,30.34033385801836,0
2024-01-01 00:01:00,26.032780698210892,0
2024-01-01 00:02:00,31.172823365730412,0
2024-01-01 00:03:00,30.510177709416734,0
2024-01-01 00:04:00,32.64623886689039,0
2024-01-01 00:05:00,29.49592007088597,0
2024-01-01 00:06:00,40.24876310975772,0
2024-01-01 00:07:00,37.20849205545797,0
2024-01-01 00:08:00,32.565266210813164,0
2024-01-01 00:09:00,40.956191991679276,0
2024-01-01 00:10:00,36.60571559060775,0
2024-01-01 00:11:00,33.57829751587504,0
2024-01-01 00:12:00,32.33837449772684,0
2024-01-01 00:13:00,35.32834507161638,0
2024-01-01 00:14:00,42.725017068781675,0
2024-01-01 00:15:00,38.812637595928315,0
2024-01-01 00:16:00,36.04591636113809,0
2024-01-01 00:17:00,44.219917692378665,0
2024-01-01 00:18:00,35.87269867164389,0
2024-01-01 00:19:00,34.290085939082516,0
2024-01-01 00:20:00,46.26136268525268,0
2024-01-01 00:21:00,25.697602875268913,0
2024-01-01 00:22:00,35.31946200497243,0
2024-01-01 00:23:00,31.628227966507936,0
2024-01-01 00:24:00,35.9825184369395,0
2024-01-01 00:25:00,33.158058352775925,0
2024-01-01 00:26:00,34.64161539770256,0
2024-01-01 00:27:00,31.16178819757737,0
2024-01-01 00:28:00,36.718302251078676,0
2024-01-01 00:29:00,7.714556159918853,1
2024-01-01 00:30:00,8.488191634944968,1
2024-01-01 00:31:00,5.825443901075168,1
2024-01-01 00:32:00,5.740794378775314,1
2024-01-01 00:33:00,8.049352093952233,1
2024-01-01 00:34:00,6.595581799318923,1
2024-01-01 00:35:00,5.861874730557069,1
2024-01-01 00:36:00,8.980410397752753,1
2024-01-01 00:37:00,8.531332820808277,1
2024-01-01 00:38:00,7.357985028108798,1
2024-01-01 00:39:00,7.492363392347351,1
2024-01-01 00:40:00,9.110388478868034,1
2024-01-01 00:41:00,8.360926100178421,1
2024-01-01 00:42:00,6.981931999905079,1
2024-01-01 00:43:00,5.673719209672709,1
2024-01-01 00:44:00,6.55072607614048,1
2024-01-01 00:45:00,9.158305230869754,1
2024-01-01 00:46:00,5.206069473299631,1
2024-01-01 00:47:00,5.650834639720576,1
2024-01-01 00:48:00,9.780248407098005,1
2024-01-01 00:49:00,5.226044720543789,1
2024-01-01 00:50:00,5.6859239372474315,1
2024-01-01 00:51:00,9.856586390346404,1
2024-01-01 00:52:00,7.643612254352407,1
2024-01-01 00:53:00,8.059164081308326,1
2024-01-01 00:54:00,6.854938727975951,1
2024-01-01 00:55:00,8.830013366895253,1
2024-01-01 00:56:00,6.814481954202226,1
2024-01-01 00:57:00,5.151449278692564,1
2024-01-01 00:58:00,8.315434567762265,1
2024-01-01 00:59:00,7.981053009157199,1
2024-01-01 01:00:00,7.043497417600319,1
2024-01-01 01:01:00,7.71502015350471,1
2024-01-01 01:02:00,7.382745584165823,1
2024-01-01 01:03:00,6.982703788893741,1
2024-01-01 01:04:00,7.487108843146451,1
2024-01-01 01:05:00,5.409204918149008,1
2024-01-01 01:06:00,8.159811072462212,1
2024-01-01 01:07:00,8.524496498284863,1
2024-01-01 01:08:00,9.491869299583088,1
2024-01-01 01:09:00,8.177940047821957,1
2024-01-01 01:10:00,8.393980358671692,1
2024-01-01 01:11:00,5.3843509442416915,1
2024-01-01 01:12:00,6.087690098569343,1
2024-01-01 01:13:00,9.460687815550076,1
2024-01-01 01:14:00,9.769976319720787,1
2024-01-01 01:15:00,6.334017578821107,1
2024-01-01 01:16:00,6.16302640073335,1
2024-01-01 01:17:00,8.695634383851031,1
2024-01-01 01:18:00,8.007376477749428,1
2024-01-01 01:19:00,9.333031940461112,1
2024-01-01 01:20:00,5.137170450050409,1
2024-01-01 01:21:00,6.978518419522485,1
2024-01-01 01:22:00,9.957566150769345,1
2024-01-01 01:23:00,7.548840516935488,1
2024-01-01 01:24:00,8.610022776186394,1
2024-01-01 01:25:00,9.31339299658543,1
2024-01-01 01:26:00,8.90681169505961,1
2024-01-01 01:27:00,8.095405660074862,1
2024-01-01 01:28:00,5.885526715311287,1
2024-01-01 01:29:00,46.70978037058852,0
2024-01-01 01:30:00,35.55647185228384,0
2024-01-01 01:31:00,32.83086710448202,0
2024-01-01 01:32:00,35.86679699766682,0
2024-01-01 01:33:00,23.630896712602436,0
2024-01-01 01:34:00,27.79294241759368,0
2024-01-01 01:35:00,36.42585940964322,0
2024-01-01 01:36:00,34.360193997392514,0
2024-01-01 01:37:00,33.47399980470248,0
2024-01-01 01:38:00,18.979114675594673,0
2024-01-01 01:39:00,33.20452959144926,0
2024-01-01 01:40:00,33.954316804211246,0
2024-01-01 01:41:00,34.306784334858435,0
2024-01-01 01:42:00,21.687623236192202,0
2024-01-01 01:43:00,32.70653438887749,0
2024-01-01 01:44:00,30.247376906701813,0
2024-01-01 01:45:00,41.107761912928325,0
2024-01-01 01:46:00,28.13359675071294,0
2024-01-01 01:47:00,36.1099566493225,0
2024-01-01 01:48:00,3.6088885103640123,1
2024-01-01 01:49:00,27.98738510153629,0
2024-01-01 01:50:00,25.27157763743525,0
2024-01-01 01:51:00,36.9424030689325,0
2024-01-01 01:52:00,28.293550033500196,0
2024-01-01 01:53:00,40.0,1
2024-01-01 01:54:00,43.57142857142857,1
2024-01-01 01:55:00,47.142857142857146,1
2024-01-01 01:56:00,50.714285714285715,1
2024-01-01 01:57:00,54.285714285714285,1
2024-01-01 01:58:00,57.85714285714286,1
2024-01-01 01:59:00,61.42857142857143,1
2024-01-01 02:00:00,89.05791180892177,1
2024-01-01 02:01:00,89.76985511278376,1
2024-01-01 02:02:00,94.84159837175312,1
2024-01-01 02:03:00,90.59764947793914,1
2024-01-01 02:04:00,94.25053550445787,1
2024-01-01 02:05:00,85.40429092244509,1
2024-01-01 02:06:00,92.36488508612439,1
2024-01-01 02:07:00,90.97074586796316,1
2024-01-01 02:08:00,94.18339450649465,1
2024-01-01 02:09:00,86.19391504020838,1
2024-01-01 02:10:00,94.45892958456062,1
2024-01-01 02:11:00,88.73111635126482,1
2024-01-01 02:12:00,93.77611956877683,1
2024-01-01 02:13:00,87.6585100667904,1
2024-01-01 02:14:00,88.56021238840157,1
2024-01-01 02:15:00,92.27952268481602,1
2024-01-01 02:16:00,92.83762958187891,1
2024-01-01 02:17:00,89.74198412043454,1
2024-01-01 02:18:00,94.49964041937588,1
2024-01-01 02:19:00,92.72019778104584,1
2024-01-01 02:20:00,91.26226419410683,1
2024-01-01 02:21:00,93.94041465932267,1
2024-01-01 02:22:00,90.40023278899173,1
2024-01-01 02:23:00,94.00269557925742,1
2024-01-01 02:24:00,93.26921581598637,1
2024-01-01 02:25:00,88.6917889259621,1
2024-01-01 02:26:00,90.08195861769785,1
2024-01-01 02:27:00,87.88335301280335,1
2024-01-01 02:28:00,94.76075905202397,1
2024-01-01 02:29:00,90.78377628396379,1
2024-01-01 02:30:00,86.3037731143991,1
2024-01-01 02:31:00,90.07613520893042,1
2024-01-01 02:32:00,87.72000038522705,1
2024-01-01 02:33:00,94.54461783325799,1
2024-01-01 02:34:00,89.75716673716941,1
2024-01-01 02:35:00,91.18343534959767,1
2024-01-01 02:36:00,93.56224566656928,1
2024-01-01 02:37:00,87.92754994250033,1
2024-01-01 02:38:00,90.10171962229462,1
2024-01-01 02:39:00,92.29501001393648,1
2024-01-01 02:40:00,93.93286158332072,1
2024-01-01 02:41:00,87.82045359970083,1
2024-01-01 02:42:00,87.68321772742541,1
2024-01-01 02:43:00,85.74884384739592,1
2024-01-01 02:44:00,87.74746563172036,1
2024-01-01 02:45:00,88.92195992311667,1
2024-01-01 02:46:00,92.3870078334244,1
2024-01-01 02:47:00,91.62937707171812,1
2024-01-01 02:48:00,93.29886194974466,1
2024-01-01 02:49:00,90.33791526559561,1
2024-01-01 02:50:00,90.2953908556455,1
2024-01-01 02:51:00,86.50116575183084,1
2024-01-01 02:52:00,88.29091195441673,1
2024-01-01 02:53:00,89.68324077585706,1
2024-01-01 02:54:00,85.85628086688605,1
2024-01-01 02:55:00,89.98758990576933,1
2024-01-01 02:56:00,85.31434631860375,1
2024-01-01 02:57:00,88.17700413818038,1
2024-01-01 02:58:00,90.22907075238254,1
2024-01-01 02:59:00,89.25939512716539,1
2024-01-01 03:00:00,85.11543538704107,1
2024-01-01 03:01:00,94.837830053789,1
2024-01-01 03:02:00,88.04330586485607,1
2024-01-01 03:03:00,89.20991960803536,1
2024-01-01 03:04:00,86.08651117900364,1
2024-01-01 03:05:00,90.1870391668812,1
2024-01-01 03:06:00,86.81704892645342,1
2024-01-01 03:07:00,89.45033960381147,1
2024-01-01 03:08:00,89.28591490328739,1
2024-01-01 03:09:00,86.44488947740645,1
2024-01-01 03:10:00,90.81867828514608,1
2024-01-01 03:11:00,90.29356307184483,1
2024-01-01 03:12:00,88.63807065885455,1
2024-01-01 03:13:00,85.96252761575842,1
2024-01-01 03:14:00,86.06987428313502,1
2024-01-01 03:15:00,85.00716525445951,1
2024-01-01 03:16:00,85.12602719073345,1
2024-01-01 03:17:00,88.27472120054236,1
2024-01-01 03:18:00,88.3978660363527,1
2024-01-01 03:19:00,91.91165883089364,1
2024-01-01 03:20:00,85.23307693611427,1
2024-01-01 03:21:00,94.38439261856503,1
2024-01-01 03:22:00,88.76939905216925,1
2024-01-01 03:23:00,85.0765993239011,1
2024-01-01 03:24:00,87.84309518776274,1
2024-01-01 03:25:00,89.06245533244265,1
2024-01-01 03:26:00,93.30520135847907,1
2024-01-01 03:27:00,92.39232991706643,1
2024-01-01 03:28:00,94.46997472754947,1
2024-01-01 03:29:00,90.94013542283663,1
2024-01-01 03:30:00,86.25007481298489,1
2024-01-01 03:31:00,94.73581198625563,1
2024-01-01 03:32:00,87.73659640359506,1
2024-01-01 03:33:00,89.72276424595337,1
2024-01-01 03:34:00,87.74315945747458,1
2024-01-01 03:35:00,90.32565186329546,1
2024-01-01 03:36:00,94.49341247760323,1
2024-01-01 03:37:00,90.3337565033091,1
2024-01-01 03:38:00,86.63268084031795,1
2024-01-01 03:39:00,86.62302519839015,1
2024-01-01 03:40:00,92.45253840213277,1
2024-01-01 03:41:00,89.40102543041627,1
2024-01-01 03:42:00,90.74249861241827,1
2024-01-01 03:43:00,86.17800472128103,1
2024-01-01 03:44:00,93.0608163997726,1
2024-01-01 03:45:00,88.80300586270201,1
2024-01-01 03:46:00,90.63925234226497,1
2024-01-01 03:47:00,94.89470334179879,1
2024-01-01 03:48:00,88.08592282912683,1
2024-01-01 03:49:00,93.20843852799298,1
2024-01-01 03:50:00,89.1542041333844,1
2024-01-01 03:51:00,92.76822194988563,1
2024-01-01 03:52:00,93.2078829086395,1
2024-01-01 03:53:00,86.3064650575366,1
2024-01-01 03:54:00,94.94269802509102,1
2024-01-01 03:55:00,85.3501724809603,1
2024-01-01 03:56:00,94.47533759218199,1
2024-01-01 03:57:00,87.52911040108684,1
2024-01-01 03:58:00,85.75592689615901,1
2024-01-01 03:59:00,86.65218153756066,1
2024-01-01 04:00:00,89.22139907145966,1
2024-01-01 04:01:00,86.19032186638036,1
2024-01-01 04:02:00,94.19673394533199,1
2024-01-01 04:03:00,89.05080565505763,1
2024-01-01 04:04:00,90.11720203678232,1
2024-01-01 04:05:00,91.703398208191,1
2024-01-01 04:06:00,92.40079844143536,1
2024-01-01 04:07:00,91.111164896259,1
2024-01-01 04:08:00,86.19143517728698,1
2024-01-01 04:09:00,85.36520022838874,1
2024-01-01 04:10:00,91.89223450327142,1
2024-01-01 04:11:00,86.25217977172646,1
2024-01-01 04:12:00,91.8432847511271,1
2024-01-01 04:13:00,86.79593730984094,1
2024-01-01 04:14:00,92.2027999389309,1
2024-01-01 04:15:00,87.7828191227074,1
2024-01-01 04:16:00,85.0786179480643,1
2024-01-01 04:17:00,85.357289572497,1
2024-01-01 04:18:00,93.95373174430532,1
2024-01-01 04:19:00,90.93642233328247,1
2024-01-01 04:20:00,85.19815272133839,1
2024-01-01 04:21:00,94.10661480390718,1
2024-01-01 04:22:00,92.63981702636545,1
2024-01-01 04:23:00,43.21584975344431,0
2024-01-01 04:24:00,48.1313245109764,0
2024-01-01 04:25:00,52.32895412251756,0
2024-01-01 04:26:00,41.88623430730192,0
2024-01-01 04:27:00,42.540790341812446,0
2024-01-01 04:28:00,37.99309225179078,0
2024-01-01 04:29:00,46.01175683086902,0
2024-01-01 04:30:00,34.51580487083968,0
2024-01-01 04:31:00,38.292874581107064,0
2024-01-01 04:32:00,43.272131837071726,0
2024-01-01 04:33:00,36.95476618790528,0
2024-01-01 04:34:00,36.00480164258376,0
2024-01-01 04:35:00,41.76948986181263,0
2024-01-01 04:36:00,41.10423234581268,0
2024-01-01 04:37:00,97.52181467119036,1
2024-01-01 04:38:00,36.42407689948036,0
2024-01-01 04:39:00,27.863691344756468,0
2024-01-01 04:40:00,32.47076043003241,0
2024-01-01 04:41:00,24.04269051979037,0
2024-01-01 04:42:00,35.89720517890558,0
2024-01-01 04:43:00,37.566057477647014,0
2024-01-01 04:44:00,35.32008408973724,0
2024-01-01 04:45:00,25.6266151976333,0
2024-01-01 04:46:00,17.850869596674592,0
2024-01-01 04:47:00,35.787622484120014,0
2024-01-01 04:48:00,38.30812202037784,0
2024-01-01 04:49:00,31.34575811938887,0
2024-01-01 04:50:00,33.35525617160705,0
2024-01-01 04:51:00,36.39899292228933,0
2024-01-01 04:52:00,40.0,1
2024-01-01 04:53:00,43.57142857142857,1
2024-01-01 04:54:00,47.142857142857146,1
2024-01-01 04:55:00,50.714285714285715,1
2024-01-01 04:56:00,54.285714285714285,1
2024-01-01 04:57:00,57.85714285714286,1
2024-01-01 04:58:00,61.42857142857143,1
2024-01-01 04:59:00,65.0,1
2024-01-01 05:00:00,68.57142857142857,1
2024-01-01 05:01:00,72.14285714285714,1
2024-01-01 05:02:00,75.71428571428572,1
2024-01-01 05:03:00,79.28571428571428,1
2024-01-01 05:04:00,82.85714285714286,1
2024-01-01 05:05:00,86.42857142857143,1
2024-01-01 05:06:00,90.0,1
2024-01-01 05:07:00,40.49623071844064,0
2024-01-01 05:08:00,46.95398019885228,0
2024-01-01 05:09:00,53.58538312860552,0
2024-01-01 05:10:00,34.919584983951054,0
2024-01-01 05:11:00,37.85762489238171,0
2024-01-01 05:12:00,42.995717721706285,0
2024-01-01 05:13:00,47.120380285470695,0
2024-01-01 05:14:00,34.981462618423166,0
2024-01-01 05:15:00,42.95775981620973,0
2024-01-01 05:16:00,44.46186924934643,0
2024-01-01 05:17:00,35.68360022166365,0
2024-01-01 05:18:00,40.47496533174417,0
2024-01-01 05:19:00,45.13616587427016,0
2024-01-01 05:20:00,40.660975084387104,0
2024-01-01 05:21:00,40.81158813122124,0
2024-01-01 05:22:00,44.26012817023495,0
2024-01-01 05:23:00,38.79569055915938,0
2024-01-01 05:24:00,32.334705697503395,0
2024-01-01 05:25:00,46.85692686745077,0
2024-01-01 05:26:00,46.725326412999564,0
2024-01-01 05:27:00,42.56512919016091,0
2024-01-01 05:28:00,42.91393819836048,0
2024-01-01 05:29:00,35.87156882076634,0
2024-01-01 05:30:00,93.72921286309243,1
2024-01-01 05:31:00,41.94789885543247,0
2024-01-01 05:32:00,29.018579501497307,0
2024-01-01 05:33:00,39.907841281453436,0
2024-01-01 05:34:00,34.10172542846781,0
2024-01-01 05:35:00,45.509674801066666,0
2024-01-01 05:36:00,36.527473943408246,0
2024-01-01 05:37:00,34.665698618646545,0
2024-01-01 05:38:00,34.92554547413538,0
2024-01-01 05:39:00,34.826842844258024,0
2024-01-01 05:40:00,34.28981023214128,0
2024-01-01 05:41:00,39.109629810501374,0
2024-01-01 05:42:00,39.63865826560285,0
2024-01-01 05:43:00,37.73859010440612,0
2024-01-01 05:44:00,34.85488543610248,0
2024-01-01 05:45:00,37.11153116515115,0
2024-01-01 05:46:00,33.43179350335301,0
2024-01-01 05:47:00,33.05196207805411,0
2024-01-01 05:48:00,32.63759777184378,0
2024-01-01 05:49:00,29.443959649930534,0
2024-01-01 05:50:00,35.38701167959164,0
2024-01-01 05:51:00,98.13827422432851,1
2024-01-01 05:52:00,34.10644408192764,0
2024-01-01 05:53:00,34.95106433302631,0
2024-01-01 05:54:00,37.61602690713771,0
2024-01-01 05:55:00,44.61852179051215,0
2024-01-01 05:56:00,43.101354084189246,0
2024-01-01 05:57:00,39.337543678374736,0
2024-01-01 05:58:00,91.53187897011357,1
2024-01-01 05:59:00,35.10263858761535,0
2024-01-01 06:00:00,36.50104305224389,0
2024-01-01 06:01:00,41.443111081826316,0
2024-01-01 06:02:00,43.10830713267039,0
2024-01-01 06:03:00,33.99419340366346,0
2024-01-01 06:04:00,49.82888711689205,0
2024-01-01 06:05:00,44.578939702868794,0
2024-01-01 06:06:00,40.83051377593031,0
2024-01-01 06:07:00,39.46797003624268,0
2024-01-01 06:08:00,49.38783472169505,0
2024-01-01 06:09:00,42.87607906083375,0
2024-01-01 06:10:00,42.449662605202185,0
2024-01-01 06:11:00,46.39821970035566,0
2024-01-01 06:12:00,48.187526494069864,0
2024-01-01 06:13:00,30.0,1
2024-01-01 06:14:00,30.0,1
2024-01-01 06:15:00,30.0,1
2024-01-01 06:16:00,30.0,1
2024-01-01 06:17:00,30.0,1
2024-01-01 06:18:00,30.0,1
2024-01-01 06:19:00,30.0,1
2024-01-01 06:20:00,30.0,1
2024-01-01 06:21:00,30.0,1
2024-01-01 06:22:00,6.093316923236786,1
2024-01-01 06:23:00,8.72066294094196,1
2024-01-01 06:24:00,9.762236080979736,1
2024-01-01 06:25:00,7.181137577649421,1
2024-01-01 06:26:00,6.5740707771921905,1
2024-01-01 06:27:00,6.279437911585465,1
2024-01-01 06:28:00,9.505799125654601,1
2024-01-01 06:29:00,7.931439276280402,1
2024-01-01 06:30:00,8.686116788357872,1
2024-01-01 06:31:00,7.386453437504146,1
2024-01-01 06:32:00,5.270154594718227,1
2024-01-01 06:33:00,5.004400264127885,1
2024-01-01 06:34:00,5.997880015783109,1
2024-01-01 06:35:00,7.231366368723693,1
2024-01-01 06:36:00,8.763217575431726,1
2024-01-01 06:37:00,6.1646109093449395,1
2024-01-01 06:38:00,5.540072584447233,1
2024-01-01 06:39:00,7.041066873166866,1
2024-01-01 06:40:00,7.244655755030361,1
2024-01-01 06:41:00,5.18258435316884,1
2024-01-01 06:42:00,8.844431092296922,1
2024-01-01 06:43:00,5.0173967005505,1
2024-01-01 06:44:00,5.473484687192279,1
2024-01-01 06:45:00,9.09837278457374,1
2024-01-01 06:46:00,6.737749878554692,1
2024-01-01 06:47:00,9.329310200868946,1
2024-01-01 06:48:00,9.752858603794177,1
2024-01-01 06:49:00,5.713393157494611,1
2024-01-01 06:50:00,8.807898488308478,1
2024-01-01 06:51:00,7.764898083034034,1
2024-01-01 06:52:00,5.6736498966643625,1
2024-01-01 06:53:00,5.098851735800746,1
2024-01-01 06:54:00,6.898590125184006,1
2024-01-01 06:55:00,9.878234265580613,1
2024-01-01 06:56:00,8.904088361183463,1
2024-01-01 06:57:00,9.232867721703547,1
2024-01-01 06:58:00,6.766378738698206,1
2024-01-01 06:59:00,9.341881339329309,1
2024-01-01 07:00:00,7.5399161916815505,1
2024-01-01 07:01:00,6.105836652273107,1
2024-01-01 07:02:00,9.196460049068024,1
2024-01-01 07:03:00,5.5239879635778095,1
2024-01-01 07:04:00,5.066064326318179,1
2024-01-01 07:05:00,5.304536233352632,1
2024-01-01 07:06:00,5.706326223995389,1
2024-01-01 07:07:00,7.481100906030301,1
2024-01-01 07:08:00,7.385269838240757,1
2024-01-01 07:09:00,5.542802938775504,1
2024-01-01 07:10:00,5.453087937784838,1
2024-01-01 07:11:00,5.286027702684645,1
2024-01-01 07:12:00,5.837038323807357,1
2024-01-01 07:13:00,5.6837551675950975,1
2024-01-01 07:14:00,5.739303548636664,1
2024-01-01 07:15:00,5.749997689872603,1
2024-01-01 07:16:00,6.27810926721665,1
2024-01-01 07:17:00,9.776312883960491,1
2024-01-01 07:18:00,6.873365561911498,1
2024-01-01 07:19:00,6.783049104050649,1
2024-01-01 07:20:00,9.590700506083575,1
2024-01-01 07:21:00,9.631845702828457,1
2024-01-01 07:22:00,44.74563318057204,0
2024-01-01 07:23:00,51.28516844000524,0
2024-01-01 07:24:00,49.06779578859272,0
2024-01-01 07:25:00,42.83691476726293,0
2024-01-01 07:26:00,37.276299327996995,0
2024-01-01 07:27:00,38.348697393350875,0
2024-01-01 07:28:00,41.23772308255816,0
2024-01-01 07:29:00,34.87029692610659,0
2024-01-01 07:30:00,47.39819488470214,0
2024-01-01 07:31:00,39.76603084084293,0
2024-01-01 07:32:00,36.622306295168265,0
2024-01-01 07:33:00,46.42533748853485,0
2024-01-01 07:34:00,41.89657096678791,0
2024-01-01 07:35:00,32.07257362684276,0
2024-01-01 07:36:00,38.479613883172775,0
2024-01-01 07:37:00,34.08287958047348,0
2024-01-01 07:38:00,37.49917111237131,0
2024-01-01 07:39:00,39.79938228870686,0
2024-01-01 07:40:00,34.704743987066166,0
2024-01-01 07:41:00,36.27521266683104,0
2024-01-01 07:42:00,37.68756973855335,0
2024-01-01 07:43:00,34.26585934730501,0
2024-01-01 07:44:00,24.353401725948295,0
2024-01-01 07:45:00,23.896006665599568,0
2024-01-01 07:46:00,37.362007960948695,0
2024-01-01 07:47:00,120.0,1
2024-01-01 07:48:00,120.0,1
2024-01-01 07:49:00,40.0,1
2024-01-01 07:50:00,40.0,1
2024-01-01 07:51:00,120.0,1
2024-01-01 07:52:00,120.0,1
2024-01-01 07:53:00,120.0,1
2024-01-01 07:54:00,40.0,1
2024-01-01 07:55:00,120.0,1
2024-01-01 07:56:00,120.0,1
2024-01-01 07:57:00,38.09493048622738,0
2024-01-01 07:58:00,33.38174896923186,0
2024-01-01 07:59:00,37.425155891136654,0
2024-01-01 08:00:00,30.15118019511239,0
2024-01-01 08:01:00,30.741351468344234,0
2024-01-01 08:02:00,35.66868885656565,0
2024-01-01 08:03:00,35.82738389784163,0
2024-01-01 08:04:00,40.09819096524423,0
2024-01-01 08:05:00,43.53641534780553,0
2024-01-01 08:06:00,34.77885121978252,0
2024-01-01 08:07:00,47.241943490938304,0
2024-01-01 08:08:00,40.60307445488049,0
2024-01-01 08:09:00,40.73223562634418,0
2024-01-01 08:10:00,42.48807559954594,0
2024-01-01 08:11:00,52.002144042811246,0
2024-01-01 08:12:00,47.70170960359936,0
2024-01-01 08:13:00,49.41175325570204,0
2024-01-01 08:14:00,45.33018767022117,0
2024-01-01 08:15:00,50.13858036196929,0
2024-01-01 08:16:00,52.59137883751213,0
2024-01-01 08:17:00,47.36871701362367,0
2024-01-01 08:18:00,50.088459428700595,0
2024-01-01 08:19:00,37.79546575767758,0
2024-01-01 08:20:00,40.731379457693116,0
2024-01-01 08:21:00,39.303443579204476,0
2024-01-01 08:22:00,36.68975712797457,0
2024-01-01 08:23:00,35.93499646022121,0
2024-01-01 08:24:00,43.97065120256444,0
2024-01-01 08:25:00,48.784018591101756,0
2024-01-01 08:26:00,42.67525230214401,0
2024-01-01 08:27:00,27.823207346692996,0
2024-01-01 08:28:00,46.01234680475046,0
2024-01-01 08:29:00,35.96303590970925,0
2024-01-01 08:30:00,36.44658446187435,0
2024-01-01 08:31:00,32.600040323709095,0
2024-01-01 08:32:00,41.75415011724171,0
2024-01-01 08:33:00,39.620811407592846,0
2024-01-01 08:34:00,32.99413430604116,0
2024-01-01 08:35:00,4.280898600310443,1
2024-01-01 08:36:00,36.4464528827521,0
2024-01-01 08:37:00,34.88899377422401,0
2024-01-01 08:38:00,41.184651710858645,0
2024-01-01 08:39:00,30.915705779461007,0
2024-01-01 08:40:00,26.770130781648533,0
2024-01-01 08:41:00,41.98221467124095,0
2024-01-01 08:42:00,28.816581667383783,0
2024-01-01 08:43:00,35.07119954219825,0
2024-01-01 08:44:00,34.472129641012906,0
2024-01-01 08:45:00,28.785340100343458,0
2024-01-01 08:46:00,36.18332198509341,0
2024-01-01 08:47:00,29.91096962307646,0
2024-01-01 08:48:00,35.827989467487285,0
2024-01-01 08:49:00,33.52401054561706,0
2024-01-01 08:50:00,43.48440509586161,0
2024-01-01 08:51:00,30.407098049193102,0
2024-01-01 08:52:00,32.63325645007141,0
2024-01-01 08:53:00,24.941518853431603,0
2024-01-01 08:54:00,120.0,1
2024-01-01 08:55:00,120.0,1
2024-01-01 08:56:00,40.0,1
2024-01-01 08:57:00,40.0,1
2024-01-01 08:58:00,40.0,1
2024-01-01 08:59:00,40.0,1
2024-01-01 09:00:00,120.0,1
2024-01-01 09:01:00,120.0,1
2024-01-01 09:02:00,120.0,1
2024-01-01 09:03:00,120.0,1
2024-01-01 09:04:00,42.077908434520836,0
2024-01-01 09:05:00,37.35386587637972,0
2024-01-01 09:06:00,35.647766739362524,0
2024-01-01 09:07:00,43.401189006153594,0
2024-01-01 09:08:00,37.81298267543171,0
2024-01-01 09:09:00,50.53447075561032,0
2024-01-01 09:10:00,39.16846752921818,0
2024-01-01 09:11:00,36.685931403747624,0
2024-01-01 09:12:00,40.79551728483392,0
2024-01-01 09:13:00,53.67889963763011,0
2024-01-01 09:14:00,38.73202004109679,0
2024-01-01 09:15:00,36.67043165884284,0
2024-01-01 09:16:00,47.56445087274716,0
2024-01-01 09:17:00,44.3287917250139,0
2024-01-01 09:18:00,42.19432114481266,0
2024-01-01 09:19:00,33.424260649730066,0
2024-01-01 09:20:00,120.0,1
2024-01-01 09:21:00,120.0,1
2024-01-01 09:22:00,40.0,1
2024-01-01 09:23:00,120.0,1
2024-01-01 09:24:00,120.0,1
2024-01-01 09:25:00,120.0,1
2024-01-01 09:26:00,120.0,1
2024-01-01 09:27:00,120.0,1
2024-01-01 09:28:00,120.0,1
2024-01-01 09:29:00,120.0,1
2024-01-01 09:30:00,30.97027957780891,0
2024-01-01 09:31:00,37.46418629874215,0
2024-01-01 09:32:00,37.16850688955138,0
2024-01-01 09:33:00,36.68428805573725,0
2024-01-01 09:34:00,9.12260642606942,1
2024-01-01 09:35:00,5.861701501968093,1
2024-01-01 09:36:00,9.839396646244072,1
2024-01-01 09:37:00,9.726284872205468,1
2024-01-01 09:38:00,6.295959193049801,1
2024-01-01 09:39:00,7.931732823313622,1
2024-01-01 09:40:00,5.392673093951465,1
2024-01-01 09:41:00,7.301607955154376,1
2024-01-01 09:42:00,7.119213053780749,1
2024-01-01 09:43:00,5.654248846710389,1
2024-01-01 09:44:00,6.442168228462402,1
2024-01-01 09:45:00,9.145524425639868,1
2024-01-01 09:46:00,6.469265807591767,1
2024-01-01 09:47:00,7.028253854319928,1
2024-01-01 09:48:00,8.98777446332571,1
2024-01-01 09:49:00,7.983460377318531,1
2024-01-01 09:50:00,5.575213800797701,1
2024-01-01 09:51:00,8.103956867813402,1
2024-01-01 09:52:00,8.382001592887079,1
2024-01-01 09:53:00,9.400308155950299,1
2024-01-01 09:54:00,5.181795855160185,1
2024-01-01 09:55:00,7.39725814938906,1
2024-01-01 09:56:00,7.7220962963522695,1
2024-01-01 09:57:00,6.521453384196026,1
2024-01-01 09:58:00,5.003787995412425,1
2024-01-01 09:59:00,9.33729266812805,1
2024-01-01 10:00:00,6.166810037384392,1
2024-01-01 10:01:00,6.243207338107529,1
2024-01-01 10:02:00,9.425500298436864,1
2024-01-01 10:03:00,6.785289275434191,1
2024-01-01 10:04:00,6.230740266217394,1
2024-01-01 10:05:00,5.550536247232103,1
2024-01-01 10:06:00,7.060222479472339,1
2024-01-01 10:07:00,6.340779845385134,1
2024-01-01 10:08:00,7.264911001683702,1
2024-01-01 10:09:00,9.683924196022856,1
2024-01-01 10:10:00,6.4536472153997275,1
2024-01-01 10:11:00,5.537803259146329,1
2024-01-01 10:12:00,5.802757274486801,1
2024-01-01 10:13:00,9.890001678095846,1
2024-01-01 10:14:00,6.161664903211912,1
2024-01-01 10:15:00,8.42647350182622,1
2024-01-01 10:16:00,8.286964961612686,1
2024-01-01 10:17:00,7.932645041753615,1
2024-01-01 10:18:00,7.668691320442776,1
2024-01-01 10:19:00,8.226545832920193,1
2024-01-01 10:20:00,6.246435918024112,1
2024-01-01 10:21:00,6.427632799988131,1
2024-01-01 10:22:00,5.643058496140903,1
2024-01-01 10:23:00,8.251717479980464,1
2024-01-01 10:24:00,7.590313473253271,1
2024-01-01 10:25:00,8.764651760534132,1
2024-01-01 10:26:00,9.34296257403059,1
2024-01-01 10:27:00,7.757800643498936,1
2024-01-01 10:28:00,6.246615712391102,1
2024-01-01 10:29:00,7.263550465208667,1
2024-01-01 10:30:00,6.671945438243057,1
2024-01-01 10:31:00,5.770437298072329,1
2024-01-01 10:32:00,5.340927239576909,1
2024-01-01 10:33:00,7.522922329474328,1
2024-01-01 10:34:00,30.0,1
2024-01-01 10:35:00,30.0,1
2024-01-01 10:36:00,30.0,1
2024-01-01 10:37:00,30.0,1
2024-01-01 10:38:00,30.0,1
2024-01-01 10:39:00,30.0,1
2024-01-01 10:40:00,30.0,1
2024-01-01 10:41:00,9.626471089809494,1
2024-01-01 10:42:00,9.349318117909855,1
2024-01-01 10:43:00,8.467554090417796,1
2024-01-01 10:44:00,6.013348685589328,1
2024-01-01 10:45:00,8.563402347940974,1
2024-01-01 10:46:00,8.604508662885205,1
2024-01-01 10:47:00,5.646481301581387,1
2024-01-01 10:48:00,5.818674612851218,1
2024-01-01 10:49:00,9.198134318580824,1
2024-01-01 10:50:00,6.348254127550783,1
2024-01-01 10:51:00,6.487178982688135,1
2024-01-01 10:52:00,6.922798670526375,1
2024-01-01 10:53:00,6.9406407743016825,1
2024-01-01 10:54:00,9.608066284323431,1
2024-01-01 10:55:00,7.281732739459544,1
2024-01-01 10:56:00,6.6632770354851445,1
2024-01-01 10:57:00,7.597261246100505,1
2024-01-01 10:58:00,5.658832436927534,1
2024-01-01 10:59:00,6.339768236637216,1
2024-01-01 11:00:00,8.86800676140554,1
2024-01-01 11:01:00,9.052461750319711,1
2024-01-01 11:02:00,6.392402984449994,1
2024-01-01 11:03:00,7.028356037507063,1
2024-01-01 11:04:00,9.367422517758246,1
2024-01-01 11:05:00,6.280568326266994,1
2024-01-01 11:06:00,5.937400190491082,1
2024-01-01 11:07:00,9.53905796555511,1
2024-01-01 11:08:00,5.050866798354326,1
2024-01-01 11:09:00,6.412642639472557,1
2024-01-01 11:10:00,5.502566473226836,1
2024-01-01 11:11:00,6.645961518146182,1
2024-01-01 11:12:00,6.76411947503242,1
2024-01-01 11:13:00,9.789290170350945,1
2024-01-01 11:14:00,9.608017560831545,1
2024-01-01 11:15:00,5.132812959834881,1
2024-01-01 11:16:00,7.470102144366278,1
2024-01-01 11:17:00,7.513672450431477,1
2024-01-01 11:18:00,9.553238959600666,1
2024-01-01 11:19:00,9.605284198237618,1
2024-01-01 11:20:00,6.4680711768182375,1
2024-01-01 11:21:00,8.761499169696544,1
2024-01-01 11:22:00,8.174934407971936,1
2024-01-01 11:23:00,6.3930191330127695,1
2024-01-01 11:24:00,7.132301117508412,1
2024-01-01 11:25:00,7.783942653816771,1
2024-01-01 11:26:00,6.610196465083076,1
2024-01-01 11:27:00,6.230351240729176,1
2024-01-01 11:28:00,7.371785212448232,1
2024-01-01 11:29:00,7.5418797877388215,1
2024-01-01 11:30:00,8.23359847095628,1
2024-01-01 11:31:00,9.635458000218922,1
2024-01-01 11:32:00,8.114343047049015,1
2024-01-01 11:33:00,5.367393023422912,1
2024-01-01 11:34:00,7.527341603526238,1
2024-01-01 11:35:00,9.821655180139272,1
2024-01-01 11:36:00,8.819596101231753,1
2024-01-01 11:37:00,5.635941245039829,1
2024-01-01 11:38:00,5.0928157888159555,1
2024-01-01 11:39:00,8.941025319725158,1
2024-01-01 11:40:00,8.093756433533464,1
2024-01-01 11:41:00,34.891546971628784,0
2024-01-01 11:42:00,25.646354960500947,0
2024-01-01 11:43:00,34.82850736329267,0
2024-01-01 11:44:00,26.623791288161836,0
2024-01-01 11:45:00,25.84138408186047,0
2024-01-01 11:46:00,26.912236909123422,0
2024-01-01 11:47:00,30.623156639229833,0
2024-01-01 11:48:00,18.433326797479058,0
2024-01-01 11:49:00,25.483235639841634,0
2024-01-01 11:50:00,28.891007302179812,0
2024-01-01 11:51:00,21.465640939130907,0
2024-01-01 11:52:00,25.753962707721513,0
2024-01-01 11:53:00,25.636247763490275,0
2024-01-01 11:54:00,22.809184882611703,0
2024-01-01 11:55:00,1.7821357425938151,1
2024-01-01 11:56:00,26.025606452540288,0
2024-01-01 11:57:00,8.47550908777911,1
2024-01-01 11:58:00,8.505603300477102,1
2024-01-01 11:59:00,8.943110982464155,1
2024-01-01 12:00:00,5.386331165809442,1
2024-01-01 12:01:00,5.858628759726705,1
2024-01-01 12:02:00,6.327582623434437,1
2024-01-01 12:03:00,5.0588432456250745,1
2024-01-01 12:04:00,9.54812953585919,1
2024-01-01 12:05:00,5.60067173101687,1
2024-01-01 12:06:00,8.248440546058863,1
2024-01-01 12:07:00,8.398697482102264,1
2024-01-01 12:08:00,7.874723868082515,1
2024-01-01 12:09:00,8.288927722353275,1
2024-01-01 12:10:00,6.898690907418058,1
2024-01-01 12:11:00,8.027080279463457,1
2024-01-01 12:12:00,5.875806670540849,1
2024-01-01 12:13:00,5.2161110202403655,1
2024-01-01 12:14:00,5.320757423007875,1
2024-01-01 12:15:00,6.161356300149455,1
2024-01-01 12:16:00,9.83435985386492,1
2024-01-01 12:17:00,6.921073874279253,1
2024-01-01 12:18:00,7.6700314261563065,1
2024-01-01 12:19:00,6.2551826386984555,1
2024-01-01 12:20:00,5.665260479630994,1
2024-01-01 12:21:00,7.483316347380742,1
2024-01-01 12:22:00,7.425044558157871,1
2024-01-01 12:23:00,5.120766861357609,1
2024-01-01 12:24:00,8.28710930535042,1
2024-01-01 12:25:00,7.125490932479984,1
2024-01-01 12:26:00,7.508921682610493,1
2024-01-01 12:27:00,6.010473999747758,1
2024-01-01 12:28:00,7.160042616541339,1
2024-01-01 12:29:00,5.253179918535354,1
2024-01-01 12:30:00,5.503192237797922,1
2024-01-01 12:31:00,8.726994106479395,1
2024-01-01 12:32:00,7.4051271377406245,1
2024-01-01 12:33:00,6.264648578280303,1
2024-01-01 12:34:00,8.958240834906542,1
2024-01-01 12:35:00,9.677993853754051,1
2024-01-01 12:36:00,6.716959439871902,1
2024-01-01 12:37:00,9.75523444179565,1
2024-01-01 12:38:00,6.600156099266406,1
2024-01-01 12:39:00,9.545956238740928,1
2024-01-01 12:40:00,8.733697481431715,1
2024-01-01 12:41:00,7.1950960324024065,1
2024-01-01 12:42:00,9.656316072701706,1
2024-01-01 12:43:00,7.350095585830169,1
2024-01-01 12:44:00,6.797614649167521,1
2024-01-01 12:45:00,5.307248345366054,1
2024-01-01 12:46:00,5.52714170653824,1
2024-01-01 12:47:00,6.761056934269849,1
2024-01-01 12:48:00,9.731339669555368,1
2024-01-01 12:49:00,7.694160139004897,1
2024-01-01 12:50:00,5.823820503915186,1
2024-01-01 12:51:00,7.642438400786125,1
2024-01-01 12:52:00,5.098011991069527,1
2024-01-01 12:53:00,9.683738368062297,1
2024-01-01 12:54:00,7.8885141554196085,1
2024-01-01 12:55:00,9.096566522406981,1
2024-01-01 12:56:00,9.760857106078845,1
2024-01-01 12:57:00,20.791528004128775,0
2024-01-01 12:58:00,20.24471790518064,0
2024-01-01 12:59:00,23.24110450141338,0
2024-01-01 13:00:00,27.190634018767,0
2024-01-01 13:01:00,29.883662502691976,0
2024-01-01 13:02:00,22.442040548304313,0
2024-01-01 13:03:00,22.498562866026383,0
2024-01-01 13:04:00,30.53015916795256,0
2024-01-01 13:05:00,34.165932566980025,0
2024-01-01 13:06:00,27.45519744914553,0
2024-01-01 13:07:00,31.69997887484509,0
2024-01-01 13:08:00,36.98295299707759,0
2024-01-01 13:09:00,36.255718713030504,0
2024-01-01 13:10:00,34.70656220595331,0
2024-01-01 13:11:00,30.682276714328285,0
2024-01-01 13:12:00,92.35274333336697,1
2024-01-01 13:13:00,36.871025316187406,0
2024-01-01 13:14:00,27.825171859693185,0
2024-01-01 13:15:00,32.04050543359766,0
2024-01-01 13:16:00,24.837184616116716,0
2024-01-01 13:17:00,29.07054837749345,0
2024-01-01 13:18:00,38.534869912297204,0
2024-01-01 13:19:00,33.254757173831,0
2024-01-01 13:20:00,32.12966654287578,0
2024-01-01 13:21:00,26.60580710290471,0
2024-01-01 13:22:00,23.452513691005834,0
2024-01-01 13:23:00,28.289988077150415,0
2024-01-01 13:24:00,33.45393727327531,0
2024-01-01 13:25:00,27.423384644487562,0
2024-01-01 13:26:00,37.03844428056439,0
2024-01-01 13:27:00,20.890301282105412,0
2024-01-01 13:28:00,20.314551624472585,0
2024-01-01 13:29:00,120.0,1
2024-01-01 13:30:00,120.0,1
2024-01-01 13:31:00,120.0,1
2024-01-01 13:32:00,120.0,1
2024-01-01 13:33:00,40.0,1
2024-01-01 13:34:00,40.0,1
2024-01-01 13:35:00,120.0,1
2024-01-01 13:36:00,40.0,1
2024-01-01 13:37:00,40.0,1
2024-01-01 13:38:00,120.0,1
2024-01-01 13:39:00,23.283172676964032,0
2024-01-01 13:40:00,23.35760960626156,0
2024-01-01 13:41:00,28.405028126239138,0
2024-01-01 13:42:00,28.5898765351153,0
2024-01-01 13:43:00,14.69124109013656,0
2024-01-01 13:44:00,17.10564127677288,0
2024-01-01 13:45:00,11.237908300460488,0
2024-01-01 13:46:00,21.875843480470877,0
2024-01-01 13:47:00,20.17648554333739,0
2024-01-01 13:48:00,15.181748745780101,0
2024-01-01 13:49:00,23.207142982474103,0
2024-01-01 13:50:00,17.62702955033242,0
2024-01-01 13:51:00,13.612713108643469,0
2024-01-01 13:52:00,16.03233701360418,0
2024-01-01 13:53:00,16.52337374981663,0
2024-01-01 13:54:00,28.186092753395503,0
2024-01-01 13:55:00,25.23163790724632,0
2024-01-01 13:56:00,27.160909826479994,0
2024-01-01 13:57:00,31.056561467458877,0
2024-01-01 13:58:00,96.48015304755657,1
2024-01-01 13:59:00,22.588695457992102,0
2024-01-01 14:00:00,18.630002913003104,0
2024-01-01 14:01:00,31.638397297345538,0
2024-01-01 14:02:00,99.69545563202928,1
2024-01-01 14:03:00,24.755986491716513,0
2024-01-01 14:04:00,24.173384693336075,0
2024-01-01 14:05:00,22.532048566668017,0
2024-01-01 14:06:00,26.55586856381686,0
2024-01-01 14:07:00,27.23440318845187,0
2024-01-01 14:08:00,39.14972869783841,0
2024-01-01 14:09:00,31.63987457205582,0
2024-01-01 14:10:00,27.90527518001596,0
2024-01-01 14:11:00,26.522523315409483,0
2024-01-01 14:12:00,24.327722963702875,0
2024-01-01 14:13:00,24.157385925738602,0
2024-01-01 14:14:00,21.260579592938413,0
2024-01-01 14:15:00,28.4528834959692,0
2024-01-01 14:16:00,34.46678826916239,0
2024-01-01 14:17:00,31.35869617980604,0
2024-01-01 14:18:00,28.466803461221513,0
2024-01-01 14:19:00,21.184038714008548,0
2024-01-01 14:20:00,41.08622801388637,0
2024-01-01 14:21:00,25.845660031177488,0
2024-01-01 14:22:00,26.96231655717575,0
2024-01-01 14:23:00,31.061487634753966,0
2024-01-01 14:24:00,26.773516455975127,0
2024-01-01 14:25:00,33.40913220754068,0
2024-01-01 14:26:00,30.56648211810471,0
2024-01-01 14:27:00,33.67041857953379,0
2024-01-01 14:28:00,27.360615788758665,0
2024-01-01 14:29:00,24.871782067063265,0
2024-01-01 14:30:00,15.72259332029004,0
2024-01-01 14:31:00,22.678379001930534,0
2024-01-01 14:32:00,28.836426075503557,0
2024-01-01 14:33:00,1.1541541326202305,1
2024-01-01 14:34:00,25.242037321622227,0
2024-01-01 14:35:00,15.162126133792366,0
2024-01-01 14:36:00,20.897407467439162,0
2024-01-01 14:37:00,27.701415506647464,0
2024-01-01 14:38:00,13.008906664904242,0
2024-01-01 14:39:00,25.83267170300559,0
2024-01-01 14:40:00,19.706324395799744,0
2024-01-01 14:41:00,13.905833102358946,0
2024-01-01 14:42:00,13.420467908022228,0
2024-01-01 14:43:00,28.230170392223176,0
2024-01-01 14:44:00,17.30305600341275,0
2024-01-01 14:45:00,19.047332407276727,0
2024-01-01 14:46:00,15.399080773351159,0
2024-01-01 14:47:00,16.69978545415581,0
2024-01-01 14:48:00,15.179685540300763,0
2024-01-01 14:49:00,25.928220057910437,0
2024-01-01 14:50:00,21.59302682990289,0
2024-01-01 14:51:00,20.735732504671574,0
2024-01-01 14:52:00,6.155444841815211,0
2024-01-01 14:53:00,29.15804416189501,0
2024-01-01 14:54:00,15.738898610680064,0
2024-01-01 14:55:00,23.523281083073652,0
2024-01-01 14:56:00,31.168963258625475,0
2024-01-01 14:57:00,22.605631469558816,0
2024-01-01 14:58:00,24.09481708285252,0
2024-01-01 14:59:00,23.647273720591095,0
2024-01-01 15:00:00,32.58019967188348,0
2024-01-01 15:01:00,28.635896456945986,0
2024-01-01 15:02:00,22.232562512211835,0
2024-01-01 15:03:00,20.65742581983218,0
2024-01-01 15:04:00,22.695844385685422,0
2024-01-01 15:05:00,24.909832409557403,0
2024-01-01 15:06:00,32.49356437542782,0
2024-01-01 15:07:00,31.43008182380016,0
2024-01-01 15:08:00,19.456792224840395,0
2024-01-01 15:09:00,3.584362084002082,1
2024-01-01 15:10:00,25.055909144617743,0
2024-01-01 15:11:00,28.286113876034992,0
2024-01-01 15:12:00,25.15064595636199,0
2024-01-01 15:13:00,30.453737883678254,0
2024-01-01 15:14:00,32.60674169219063,0
2024-01-01 15:15:00,28.78893874813056,0
2024-01-01 15:16:00,25.95013152888715,0
2024-01-01 15:17:00,24.936580459733054,0
2024-01-01 15:18:00,21.62388530202207,0
2024-01-01 15:19:00,23.690002128380325,0
2024-01-01 15:20:00,30.42019905570119,0
2024-01-01 15:21:00,28.002766767072572,0
2024-01-01 15:22:00,24.758742942754314,0
2024-01-01 15:23:00,23.018769784482956,0
2024-01-01 15:24:00,24.44235406969258,0
2024-01-01 15:25:00,22.300625953787794,0
2024-01-01 15:26:00,22.831827238969066,0
2024-01-01 15:27:00,20.5825406692843,0
2024-01-01 15:28:00,15.036988286904545,0
2024-01-01 15:29:00,20.102936161262146,0
2024-01-01 15:30:00,24.757252956784512,0
2024-01-01 15:31:00,20.881892322700956,0
2024-01-01 15:32:00,21.90991960850464,0
2024-01-01 15:33:00,21.574315642099805,0
2024-01-01 15:34:00,18.8692082689575,0
2024-01-01 15:35:00,18.539391955643683,0
2024-01-01 15:36:00,22.097607398066604,0
2024-01-01 15:37:00,40.0,1
2024-01-01 15:38:00,40.0,1
2024-01-01 15:39:00,120.0,1
2024-01-01 15:40:00,40.0,1
2024-01-01 15:41:00,40.0,1
2024-01-01 15:42:00,120.0,1
2024-01-01 15:43:00,120.0,1
2024-01-01 15:44:00,120.0,1
2024-01-01 15:45:00,40.0,1
2024-01-01 15:46:00,40.0,1
2024-01-01 15:47:00,17.71284363666822,0
2024-01-01 15:48:00,20.57666800035564,0
2024-01-01 15:49:00,16.276822166272105,0
2024-01-01 15:50:00,18.864892648888226,0
2024-01-01 15:51:00,23.016669018663972,0
2024-01-01 15:52:00,92.98402394183277,1
2024-01-01 15:53:00,19.407424463233472,0
2024-01-01 15:54:00,16.85489358739151,0
2024-01-01 15:55:00,19.488650448600644,0
2024-01-01 15:56:00,19.598630607898464,0
2024-01-01 15:57:00,13.528855827159678,0
2024-01-01 15:58:00,25.557596674396958,0
2024-01-01 15:59:00,24.15248132958448,0
2024-01-01 16:00:00,23.389828719879805,0
2024-01-01 16:01:00,22.679160978797142,0
2024-01-01 16:02:00,26.85478391470873,0
2024-01-01 16:03:00,28.405532835935684,0
2024-01-01 16:04:00,25.541794256668798,0
2024-01-01 16:05:00,26.06218388083817,0
2024-01-01 16:06:00,22.610801792713747,0
2024-01-01 16:07:00,20.30218843445246,0
2024-01-01 16:08:00,14.879312522399982,0
2024-01-01 16:09:00,25.703264136160087,0
2024-01-01 16:10:00,20.35830010134291,0
2024-01-01 16:11:00,27.629351226731274,0
2024-01-01 16:12:00,37.44557308364971,0
2024-01-01 16:13:00,28.68274296760554,0
2024-01-01 16:14:00,16.516328404226485,0
2024-01-01 16:15:00,22.37501536579763,0
2024-01-01 16:16:00,16.712280226204136,0
2024-01-01 16:17:00,23.61659486795707,0
2024-01-01 16:18:00,26.45380184154661,0
2024-01-01 16:19:00,23.21207986516302,0
2024-01-01 16:20:00,23.72024961382403,0
2024-01-01 16:21:00,24.251248340301785,0
2024-01-01 16:22:00,21.600695156169525,0
2024-01-01 16:23:00,26.48549928326664,0
2024-01-01 16:24:00,94.63247941516522,1
2024-01-01 16:25:00,23.4989024572077,0
2024-01-01 16:26:00,15.265303721605934,0
2024-01-01 16:27:00,18.959653133129052,0
2024-01-01 16:28:00,20.18371048841245,0
2024-01-01 16:29:00,17.91896498726707,0
2024-01-01 16:30:00,95.32330227223959,1
2024-01-01 16:31:00,21.529007997008463,0
2024-01-01 16:32:00,21.463688638651274,0
2024-01-01 16:33:00,16.6117638114253,0
2024-01-01 16:34:00,18.81618578403516,0
2024-01-01 16:35:00,25.423173187638124,0
2024-01-01 16:36:00,21.661699894672484,0
2024-01-01 16:37:00,16.248365016339527,0
2024-01-01 16:38:00,11.512053569146289,0
2024-01-01 16:39:00,11.069029771762478,0
2024-01-01 16:40:00,9.726658834181608,0
2024-01-01 16:41:00,15.402233171575023,0
2024-01-01 16:42:00,16.624065411374392,0
2024-01-01 16:43:00,20.964461248537773,0
2024-01-01 16:44:00,0.6854566523604655,1
2024-01-01 16:45:00,13.386432251187202,0
2024-01-01 16:46:00,17.182816645606877,0
2024-01-01 16:47:00,11.240372672443405,0
2024-01-01 16:48:00,16.730605813270717,0
2024-01-01 16:49:00,12.189827419109168,0
2024-01-01 16:50:00,18.43071766653991,0
2024-01-01 16:51:00,14.969728038034853,0
2024-01-01 16:52:00,11.199905053549937,0
2024-01-01 16:53:00,15.480151749944431,0
2024-01-01 16:54:00,8.928204220176386,0
2024-01-01 16:55:00,23.167216310047305,0
2024-01-01 16:56:00,17.453575482604528,0
2024-01-01 16:57:00,23.30805257771788,0
2024-01-01 16:58:00,26.195923204291805,0
2024-01-01 16:59:00,30.239516499399272,0
2024-01-01 17:00:00,18.714749031799656,0
2024-01-01 17:01:00,21.693395314481453,0
2024-01-01 17:02:00,22.393975291972485,0
2024-01-01 17:03:00,35.25634514810112,0
2024-01-01 17:04:00,33.49454742314792,0
2024-01-01 17:05:00,28.886554026583074,0
2024-01-01 17:06:00,19.235065352542456,0
2024-01-01 17:07:00,24.80344685728617,0
2024-01-01 17:08:00,17.864007294156117,0
2024-01-01 17:09:00,31.77604736918256,0
2024-01-01 17:10:00,24.957106922841085,0
2024-01-01 17:11:00,1.3385519324716828,1
2024-01-01 17:12:00,13.732056114775549,0
2024-01-01 17:13:00,33.41251819841952,0
2024-01-01 17:14:00,25.72268538268767,0
2024-01-01 17:15:00,29.46824290301154,0
2024-01-01 17:16:00,20.804461417805772,0
2024-01-01 17:17:00,37.65209364518438,0
2024-01-01 17:18:00,34.39079431032115,0
2024-01-01 17:19:00,26.129485610509793,0
2024-01-01 17:20:00,28.10216832419237,0
2024-01-01 17:21:00,17.75215456968485,0
2024-01-01 17:22:00,25.869034247956254,0
2024-01-01 17:23:00,23.523232945386294,0
2024-01-01 17:24:00,98.91784227738043,1
2024-01-01 17:25:00,27.592886852677367,0
2024-01-01 17:26:00,16.87263491524186,0
2024-01-01 17:27:00,22.452076758080445,0
2024-01-01 17:28:00,24.395395545957108,0
2024-01-01 17:29:00,15.164339060650216,0
2024-01-01 17:30:00,12.394202266889721,0
2024-01-01 17:31:00,18.32010022947386,0
2024-01-01 17:32:00,20.542853011714303,0
2024-01-01 17:33:00,21.212377049907513,0
2024-01-01 17:34:00,40.0,1
2024-01-01 17:35:00,43.57142857142857,1
2024-01-01 17:36:00,47.142857142857146,1
2024-01-01 17:37:00,50.714285714285715,1
2024-01-01 17:38:00,54.285714285714285,1
2024-01-01 17:39:00,57.85714285714286,1
2024-01-01 17:40:00,61.42857142857143,1
2024-01-01 17:41:00,65.0,1
2024-01-01 17:42:00,68.57142857142857,1
2024-01-01 17:43:00,72.14285714285714,1
2024-01-01 17:44:00,75.71428571428572,1
2024-01-01 17:45:00,79.28571428571428,1
2024-01-01 17:46:00,82.85714285714286,1
2024-01-01 17:47:00,86.42857142857143,1
2024-01-01 17:48:00,90.0,1
2024-01-01 17:49:00,13.250337575662021,0
2024-01-01 17:50:00,120.0,1
2024-01-01 17:51:00,120.0,1
2024-01-01 17:52:00,40.0,1
2024-01-01 17:53:00,40.0,1
2024-01-01 17:54:00,120.0,1
2024-01-01 17:55:00,120.0,1
2024-01-01 17:56:00,120.0,1
2024-01-01 17:57:00,120.0,1
2024-01-01 17:58:00,40.0,1
2024-01-01 17:59:00,92.45001759799045,1
2024-01-01 18:00:00,87.87722715951772,1
2024-01-01 18:01:00,90.55309456401653,1
2024-01-01 18:02:00,87.74109200598974,1
2024-01-01 18:03:00,92.5060800069526,1
2024-01-01 18:04:00,85.6631195425965,1
2024-01-01 18:05:00,89.67228960940452,1
2024-01-01 18:06:00,86.95628061271438,1
2024-01-01 18:07:00,85.93116256893184,1
2024-01-01 18:08:00,92.55608919711725,1
2024-01-01 18:09:00,92.79717086163349,1
2024-01-01 18:10:00,91.18788243639777,1
2024-01-01 18:11:00,87.47502219758329,1
2024-01-01 18:12:00,91.91717428753213,1
2024-01-01 18:13:00,85.44071252410151,1
2024-01-01 18:14:00,89.00866668714332,1
2024-01-01 18:15:00,90.18870253720215,1
2024-01-01 18:16:00,85.88732412141042,1
2024-01-01 18:17:00,86.96023388841517,1
2024-01-01 18:18:00,90.81022251644757,1
2024-01-01 18:19:00,86.48963776448537,1
2024-01-01 18:20:00,90.75606625324522,1
2024-01-01 18:21:00,87.61533769467823,1
2024-01-01 18:22:00,85.52325300942407,1
2024-01-01 18:23:00,90.49587415516818,1
2024-01-01 18:24:00,88.52106544660612,1
2024-01-01 18:25:00,85.82762180513056,1
2024-01-01 18:26:00,91.80265751110996,1
2024-01-01 18:27:00,94.11262297563258,1
2024-01-01 18:28:00,89.9564491404089,1
2024-01-01 18:29:00,92.50132852956014,1
2024-01-01 18:30:00,90.2363040228096,1
2024-01-01 18:31:00,85.70161948542992,1
2024-01-01 18:32:00,89.36068578544729,1
2024-01-01 18:33:00,86.81915066829232,1
2024-01-01 18:34:00,89.0615501331318,1
2024-01-01 18:35:00,87.58556607303599,1
2024-01-01 18:36:00,90.43598499040904,1
2024-01-01 18:37:00,85.5757069416669,1
2024-01-01 18:38:00,86.84464895871761,1
2024-01-01 18:39:00,92.61326117229514,1
2024-01-01 18:40:00,87.13026908331845,1
2024-01-01 18:41:00,86.83783488766856,1
2024-01-01 18:42:00,89.75788929402528,1
2024-01-01 18:43:00,94.923837179817,1
2024-01-01 18:44:00,86.10167190439358,1
2024-01-01 18:45:00,93.86664414874805,1
2024-01-01 18:46:00,90.31729066865788,1
2024-01-01 18:47:00,88.29251716857637,1
2024-01-01 18:48:00,85.7380905779824,1
2024-01-01 18:49:00,92.7706802313338,1
2024-01-01 18:50:00,94.43164920788911,1
2024-01-01 18:51:00,86.81209801658903,1
2024-01-01 18:52:00,86.35021057217031,1
2024-01-01 18:53:00,92.78154150222448,1
2024-01-01 18:54:00,92.50285176649658,1
2024-01-01 18:55:00,86.53162064525236,1
2024-01-01 18:56:00,89.66897554357591,1
2024-01-01 18:57:00,87.21246810552914,1
2024-01-01 18:58:00,88.34866268667753,1
2024-01-01 18:59:00,23.07793822682918,0
2024-01-01 19:00:00,7.548204449312085,0
2024-01-01 19:01:00,13.583903572332233,0
2024-01-01 19:02:00,21.13435191677148,0
2024-01-01 19:03:00,23.91245548550689,0
2024-01-01 19:04:00,21.631468382103684,0
2024-01-01 19:05:00,27.316349022455007,0
2024-01-01 19:06:00,29.878223261599974,0
2024-01-01 19:07:00,30.546443887610256,0
2024-01-01 19:08:00,24.96625020337818,0
2024-01-01 19:09:00,25.563286563700206,0
2024-01-01 19:10:00,17.97828818909492,0
2024-01-01 19:11:00,21.569028566790365,0
2024-01-01 19:12:00,22.880565265844886,0
2024-01-01 19:13:00,28.339808965824844,0
2024-01-01 19:14:00,29.42560857166981,0
2024-01-01 19:15:00,23.806300800712613,0
2024-01-01 19:16:00,29.47321552150892,0
2024-01-01 19:17:00,25.9155403213987,0
2024-01-01 19:18:00,26.50005160042849,0
2024-01-01 19:19:00,31.70200066499612,0
2024-01-01 19:20:00,29.15258756530604,0
2024-01-01 19:21:00,23.27434589290772,0
2024-01-01 19:22:00,22.21312987506949,0
2024-01-01 19:23:00,21.545517277114975,0
2024-01-01 19:24:00,21.49827296333093,0
2024-01-01 19:25:00,22.808676576428986,0
2024-01-01 19:26:00,21.182792803385414,0
2024-01-01 19:27:00,33.889673402906254,0
2024-01-01 19:28:00,22.79479899886408,0
2024-01-01 19:29:00,17.20609660982457,0
2024-01-01 19:30:00,18.54145508911553,0
2024-01-01 19:31:00,16.093641408933767,0
2024-01-01 19:32:00,21.13753541436548,0
2024-01-01 19:33:00,18.762711387057006,0
2024-01-01 19:34:00,27.374141255956893,0
2024-01-01 19:35:00,27.617615730941978,0
2024-01-01 19:36:00,15.898191853821803,0
2024-01-01 19:37:00,9.341118784803744,0
2024-01-01 19:38:00,13.13591977469078,0
2024-01-01 19:39:00,14.263910313964168,0
2024-01-01 19:40:00,17.39682490397433,0
2024-01-01 19:41:00,17.48540737916994,0
2024-01-01 19:42:00,40.0,1
2024-01-01 19:43:00,43.57142857142857,1
2024-01-01 19:44:00,47.142857142857146,1
2024-01-01 19:45:00,50.714285714285715,1
2024-01-01 19:46:00,54.285714285714285,1
2024-01-01 19:47:00,57.85714285714286,1
2024-01-01 19:48:00,61.42857142857143,1
2024-01-01 19:49:00,65.0,1
2024-01-01 19:50:00,68.57142857142857,1
2024-01-01 19:51:00,72.14285714285714,1
2024-01-01 19:52:00,75.71428571428572,1
2024-01-01 19:53:00,79.28571428571428,1
2024-01-01 19:54:00,82.85714285714286,1
2024-01-01 19:55:00,86.42857142857143,1
2024-01-01 19:56:00,90.0,1
2024-01-01 19:57:00,18.587303404081773,0
2024-01-01 19:58:00,16.11066954462912,0
2024-01-01 19:59:00,16.143414335634418,0
2024-01-01 20:00:00,28.00334875847397,0
2024-01-01 20:01:00,15.519185471737863,0
2024-01-01 20:02:00,30.109209451863915,0
2024-01-01 20:03:00,18.66221078632508,0
2024-01-01 20:04:00,22.07347596329858,0
2024-01-01 20:05:00,15.876967937564627,0
2024-01-01 20:06:00,22.632137390710145,0
2024-01-01 20:07:00,22.3965941542922,0
2024-01-01 20:08:00,24.054946290688573,0
2024-01-01 20:09:00,23.47103859876298,0
2024-01-01 20:10:00,26.07950888009495,0
2024-01-01 20:11:00,27.57361559796575,0
2024-01-01 20:12:00,22.77336565265808,0
2024-01-01 20:13:00,32.42168938795744,0
2024-01-01 20:14:00,29.29809000785147,0
2024-01-01 20:15:00,32.18682425195182,0
2024-01-01 20:16:00,27.9084338045526,0
2024-01-01 20:17:00,18.11406595025088,0
2024-01-01 20:18:00,29.539468977560837,0
2024-01-01 20:19:00,29.487012184465414,0
2024-01-01 20:20:00,29.49552992150311,0
2024-01-01 20:21:00,31.237438075741856,0
2024-01-01 20:22:00,27.044435397170783,0
2024-01-01 20:23:00,40.0,1
2024-01-01 20:24:00,40.0,1
2024-01-01 20:25:00,40.0,1
2024-01-01 20:26:00,40.0,1
2024-01-01 20:27:00,40.0,1
2024-01-01 20:28:00,120.0,1
2024-01-01 20:29:00,120.0,1
2024-01-01 20:30:00,120.0,1
2024-01-01 20:31:00,40.0,1
2024-01-01 20:32:00,40.0,1
2024-01-01 20:33:00,12.813991809177171,0
2024-01-01 20:34:00,26.00077970281487,0
2024-01-01 20:35:00,15.974282053039957,0
2024-01-01 20:36:00,19.363797208654233,0
2024-01-01 20:37:00,19.766004437237335,0
2024-01-01 20:38:00,24.771863696957787,0
2024-01-01 20:39:00,13.705218931914427,0
2024-01-01 20:40:00,8.010713169009192,0
2024-01-01 20:41:00,19.525869034876454,0
2024-01-01 20:42:00,20.24748174241988,0
2024-01-01 20:43:00,18.51883327631429,0
2024-01-01 20:44:00,17.181140603227718,0
2024-01-01 20:45:00,26.84007553630277,0
2024-01-01 20:46:00,23.37850132847066,0
2024-01-01 20:47:00,17.26266776150076,0
2024-01-01 20:48:00,20.137392649040827,0
2024-01-01 20:49:00,17.47793463817785,0
2024-01-01 20:50:00,12.034382712507307,0
2024-01-01 20:51:00,25.92226633035289,0
2024-01-01 20:52:00,20.84735950235715,0
2024-01-01 20:53:00,23.183827846477698,0
2024-01-01 20:54:00,15.949837849845938,0
2024-01-01 20:55:00,16.83698484220541,0
2024-01-01 20:56:00,35.42366004478951,0
2024-01-01 20:57:00,16.69907974746971,0
2024-01-01 20:58:00,21.318495061501842,0
2024-01-01 20:59:00,17.03977968563328,0
2024-01-01 21:00:00,20.468007502326714,0
2024-01-01 21:01:00,20.336235092631366,0
2024-01-01 21:02:00,25.344148516660358,0
2024-01-01 21:03:00,25.40776835178672,0
2024-01-01 21:04:00,22.410111945032916,0
2024-01-01 21:05:00,30.160252913809106,0
2024-01-01 21:06:00,28.72978804498686,0
2024-01-01 21:07:00,32.238112802304904,0
2024-01-01 21:08:00,23.547013134770054,0
2024-01-01 21:09:00,28.9762929850101,0
2024-01-01 21:10:00,34.74453382824358,0
2024-01-01 21:11:00,21.324488091466264,0
2024-01-01 21:12:00,26.69893175754632,0
2024-01-01 21:13:00,27.677752462747907,0
2024-01-01 21:14:00,26.815039666149982,0
2024-01-01 21:15:00,22.969943417513885,0
2024-01-01 21:16:00,33.60139654681605,0
2024-01-01 21:17:00,23.441918075030053,0
2024-01-01 21:18:00,24.98020677001369,0
2024-01-01 21:19:00,27.237596005768093,0
2024-01-01 21:20:00,36.638488234993645,0
2024-01-01 21:21:00,33.24030234089943,0
2024-01-01 21:22:00,27.44022606527975,0
2024-01-01 21:23:00,26.864761759138805,0
2024-01-01 21:24:00,35.52669177046627,0
2024-01-01 21:25:00,20.00866429597715,0
2024-01-01 21:26:00,23.613477261926278,0
2024-01-01 21:27:00,27.626541855499173,0
2024-01-01 21:28:00,31.25665081870119,0
2024-01-01 21:29:00,28.093214580620405,0
2024-01-01 21:30:00,26.169264254949375,0
2024-01-01 21:31:00,21.84271419310929,0
2024-01-01 21:32:00,11.74973833974395,0
2024-01-01 21:33:00,28.751842494314175,0
2024-01-01 21:34:00,23.285794611766757,0
2024-01-01 21:35:00,15.617072461573018,0
2024-01-01 21:36:00,20.019104536315574,0
2024-01-01 21:37:00,19.519608820032623,0
2024-01-01 21:38:00,28.371511367716728,0
2024-01-01 21:39:00,17.12698217445126,0
2024-01-01 21:40:00,12.54916418337509,0
2024-01-01 21:41:00,21.93935531656804,0
2024-01-01 21:42:00,23.1526786265388,0
2024-01-01 21:43:00,21.27378048859925,0
2024-01-01 21:44:00,10.278147579073117,0
2024-01-01 21:45:00,13.689648910379175,0
2024-01-01 21:46:00,15.989403462298121,0
2024-01-01 21:47:00,16.01433944204234,0
2024-01-01 21:48:00,27.43145261899099,0
2024-01-01 21:49:00,25.571312148764015,0
2024-01-01 21:50:00,16.453786830725537,0
2024-01-01 21:51:00,17.102661697827298,0
2024-01-01 21:52:00,24.801109200769833,0
2024-01-01 21:53:00,19.917843704400177,0
2024-01-01 21:54:00,17.369026649056266,0
2024-01-01 21:55:00,31.189688137636303,0
2024-01-01 21:56:00,32.39948331503706,0
2024-01-01 21:57:00,17.699815771992306,0
2024-01-01 21:58:00,28.21929400036517,0
2024-01-01 21:59:00,29.810652664095066,0
2024-01-01 22:00:00,96.56412720921094,1
2024-01-01 22:01:00,90.99625117961992,1
2024-01-01 22:02:00,23.182612621943637,0
2024-01-01 22:03:00,38.17041717346934,0
2024-01-01 22:04:00,32.358195333140344,0
2024-01-01 22:05:00,21.359904373253286,0
2024-01-01 22:06:00,21.04854390251935,0
2024-01-01 22:07:00,33.029361957428975,0
2024-01-01 22:08:00,28.516824660706533,0
2024-01-01 22:09:00,30.815092522612396,0
2024-01-01 22:10:00,28.528576371963673,0
2024-01-01 22:11:00,24.598466501654613,0
2024-01-01 22:12:00,37.27816157761415,0
2024-01-01 22:13:00,30.0,1
2024-01-01 22:14:00,30.0,1
2024-01-01 22:15:00,30.0,1
2024-01-01 22:16:00,30.0,1
2024-01-01 22:17:00,30.0,1
2024-01-01 22:18:00,30.0,1
2024-01-01 22:19:00,30.0,1
2024-01-01 22:20:00,30.0,1
2024-01-01 22:21:00,30.0,1
2024-01-01 22:22:00,30.0,1
2024-01-01 22:23:00,80.0,1
2024-01-01 22:24:00,80.0,1
2024-01-01 22:25:00,80.0,1
2024-01-01 22:26:00,80.0,1
2024-01-01 22:27:00,80.0,1
2024-01-01 22:28:00,80.0,1
2024-01-01 22:29:00,80.0,1
2024-01-01 22:30:00,80.0,1
2024-01-01 22:31:00,80.0,1
2024-01-01 22:32:00,80.0,1
2024-01-01 22:33:00,40.0,1
2024-01-01 22:34:00,120.0,1
2024-01-01 22:35:00,120.0,1
2024-01-01 22:36:00,120.0,1
2024-01-01 22:37:00,40.0,1
2024-01-01 22:38:00,40.0,1
2024-01-01 22:39:00,40.0,1
2024-01-01 22:40:00,26.426591304709575,0
2024-01-01 22:41:00,24.081214649671132,0
2024-01-01 22:42:00,21.28086408046802,0
2024-01-01 22:43:00,17.806730720333633,0
2024-01-01 22:44:00,26.58634742603453,0
2024-01-01 22:45:00,19.80131155454083,0
2024-01-01 22:46:00,23.24149099257362,0
2024-01-01 22:47:00,29.758185779651427,0
2024-01-01 22:48:00,21.515258502449242,0
2024-01-01 22:49:00,17.298460983051836,0
2024-01-01 22:50:00,14.579694449417698,0
2024-01-01 22:51:00,20.398487490842687,0
2024-01-01 22:52:00,22.380738015719793,0
2024-01-01 22:53:00,0.9046178297919888,1
2024-01-01 22:54:00,14.154633768141538,0
2024-01-01 22:55:00,17.41596049905069,0
2024-01-01 22:56:00,21.016573080111378,0
2024-01-01 22:57:00,22.3242540761683,0
2024-01-01 22:58:00,23.787610316226843,0
2024-01-01 22:59:00,26.712121743835663,0
2024-01-01 23:00:00,33.56298473825714,0
2024-01-01 23:01:00,30.737884207170136,0
2024-01-01 23:02:00,24.582395873353295,0
2024-01-01 23:03:00,24.456814587360338,0
2024-01-01 23:04:00,34.72895397822194,0
2024-01-01 23:05:00,34.872529631144104,0
2024-01-01 23:06:00,27.29298056185773,0
2024-01-01 23:07:00,26.737202647863786,0
2024-01-01 23:08:00,36.54895723423266,0
2024-01-01 23:09:00,35.71683124702785,0
2024-01-01 23:10:00,24.26065975801196,0
2024-01-01 23:11:00,38.06309521667136,0
2024-01-01 23:12:00,36.236158412780725,0
2024-01-01 23:13:00,38.148315917178316,0
2024-01-01 23:14:00,33.28091270489411,0
2024-01-01 23:15:00,33.179406670407595,0
2024-01-01 23:16:00,91.17729647304954,1
2024-01-01 23:17:00,29.719659623061432,0
2024-01-01 23:18:00,28.780415785876016,0
2024-01-01 23:19:00,34.1504534932229,0
2024-01-01 23:20:00,31.163021123275133,0
2024-01-01 23:21:00,24.206857631302242,0
2024-01-01 23:22:00,36.35564027568348,0
2024-01-01 23:23:00,37.26607638331396,0
2024-01-01 23:24:00,32.45537494713847,0
2024-01-01 23:25:00,29.31959599748624,0
2024-01-01 23:26:00,33.56018976468988,0
2024-01-01 23:27:00,24.043203383027898,0
2024-01-01 23:28:00,27.176499033212636,0
2024-01-01 23:29:00,29.228429869673956,0
2024-01-01 23:30:00,23.893954624860424,0
2024-01-01 23:31:00,33.3238473568194,0
2024-01-01 23:32:00,17.21299602767683,0
2024-01-01 23:33:00,38.4157113460501,0
2024-01-01 23:34:00,25.125492989939872,0
2024-01-01 23:35:00,23.737419716754136,0
2024-01-01 23:36:00,97.1704214883658,1
2024-01-01 23:37:00,30.009416210600843,0
2024-01-01 23:38:00,27.001512866534554,0
2024-01-01 23:39:00,28.37210109250827,0
2024-01-01 23:40:00,25.62016655347796,0
2024-01-01 23:41:00,24.68232200194312,0
2024-01-01 23:42:00,90.68778151111103,1
2024-01-01 23:43:00,23.47314216181536,0
2024-01-01 23:44:00,23.148832507041035,0
2024-01-01 23:45:00,30.78165430438202,0
2024-01-01 23:46:00,20.86069368926648,0
2024-01-01 23:47:00,27.269976095534947,0
2024-01-01 23:48:00,20.591452690760313,0
2024-01-01 23:49:00,19.771774713459912,0
2024-01-01 23:50:00,25.727571016066513,0
2024-01-01 23:51:00,20.708432553808464,0
2024-01-01 23:52:00,30.70628731542854,0
2024-01-01 23:53:00,27.110776788256594,0
2024-01-01 23:54:00,26.24526170332204,0
2024-01-01 23:55:00,27.295427415695304,0
2024-01-01 23:56:00,24.188804999708577,0
2024-01-01 23:57:00,30.22832413672434,0
2024-01-01 23:58:00,33.92305781654379,0
2024-01-01 23:59:00,34.51473683838201,0
